ENGLISH;FRENCH;GERMAN;ITALIAN;PORTUGUESE;RUSSIAN;SPANISH;RANDOM
0.06653846153846153;0.0776923076923077;0.07884615384615384;0.07461538461538461;0.07461538461538461;0.06769230769230769;0.07461538461538461;0.038461538461538464